sepal_length,sepal_width,petal_length,petal_width,classes,test,org_pred_classes_QSM,petal_length_shifted_by_0.05,pred_with_petal_length_shifted_by_0.05
5.7,2.6,3.5,1.0,1,1,1,3.7,1
5.8,2.7,4.1,1.0,1,1,1,4.2,1
5.5,2.4,3.7,1.0,1,1,1,3.9,1
6.0,2.2,4.0,1.0,1,1,1,4.1,1
4.9,2.4,3.3,1.0,1,1,1,3.5,1
5.0,2.3,3.3,1.0,1,1,1,3.5,1
5.0,2.0,3.5,1.0,1,1,1,3.7,1
5.1,2.5,3.0,1.1,1,1,1,3.3,1
5.5,2.4,3.8,1.1,1,1,1,3.9,1
5.6,2.5,3.9,1.1,1,1,1,4.0,1
5.5,2.6,4.4,1.2,1,1,1,4.6,1
5.8,2.6,4.0,1.2,1,1,1,4.1,1
6.1,2.8,4.7,1.2,1,1,1,4.7,1
5.8,2.7,3.9,1.2,1,1,1,4.0,1
5.7,3.0,4.2,1.2,1,1,1,4.3,1
6.3,2.3,4.4,1.3,1,1,1,4.6,1
5.7,2.9,4.2,1.3,1,1,1,4.3,1
6.2,2.9,4.3,1.3,1,1,1,4.4,1
5.7,2.8,4.1,1.3,1,1,1,4.2,1
5.6,3.0,4.1,1.3,1,1,1,4.2,1
5.5,2.3,4.0,1.3,1,1,1,4.1,1
5.5,2.5,4.0,1.3,1,1,1,4.1,1
6.1,2.8,4.0,1.3,1,1,1,4.1,1
5.7,2.8,4.5,1.3,1,1,1,4.7,1
6.6,2.9,4.6,1.3,1,1,1,4.7,1
5.6,2.9,3.6,1.3,1,1,1,3.8,1
5.6,2.7,4.2,1.3,1,1,1,4.3,1
6.4,2.9,4.3,1.3,1,1,1,4.4,1
